process,TP,FP,TN,FN,precision,recall,accuracy,f_measure,mcc,precision-recall area
R-HSA-1031716,65.0,14688.0,6541.0,8.0,0.0044058835491086554,0.8904109589041096,0.31011172659844144,0.008768379873195736,0.02514308608437355,0.0027277971005784454
R-HSA-112379,17.0,2375.0,18869.0,41.0,0.007107023411371237,0.29310344827586204,0.8865834193972397,0.013877551020408163,0.029924078508463924,0.0038413631672369994
R-HSA-112385,17.0,2375.0,18869.0,41.0,0.007107023411371237,0.29310344827586204,0.8865834193972397,0.013877551020408163,0.029924078508463924,0.0038413631672369994
R-HSA-1168640,43.0,803.0,20448.0,8.0,0.0508274231678487,0.8431372549019608,0.9619284574218383,0.09587513935340022,0.20154142638620448,0.02532363245761029
R-HSA-1214188,59.0,19387.0,1856.0,0.0,0.0030340429908464464,1.0,0.08989766219134354,0.006049730838246603,0.016281406761671755,0.0016749842472234525
R-HSA-1234159,46.0,3822.0,17418.0,16.0,0.011892450879007239,0.7419354838709677,0.819829124025913,0.02340966921119593,0.07853467777342506,0.0058617517525672855
R-HSA-141409,27.0,3583.0,17623.0,69.0,0.007479224376731302,0.28125,0.82856069852596,0.01457096600107933,0.02004738661021654,0.005488668440918941
R-HSA-141422,27.0,3583.0,17623.0,69.0,0.007479224376731302,0.28125,0.82856069852596,0.01457096600107933,0.02004738661021654,0.005488668440918941
R-HSA-141431,27.0,3583.0,17623.0,69.0,0.007479224376731302,0.28125,0.82856069852596,0.01457096600107933,0.02004738661021654,0.005488668440918941
R-HSA-141439,27.0,3583.0,17623.0,69.0,0.007479224376731302,0.28125,0.82856069852596,0.01457096600107933,0.02004738661021654,0.005488668440918941
R-HSA-141671,86.0,2905.0,18307.0,4.0,0.028752925442995653,0.9555555555555556,0.8634400525772228,0.055826030509574805,0.1528347456852846,0.014858802888167344
R-HSA-141673,86.0,2905.0,18307.0,4.0,0.028752925442995653,0.9555555555555556,0.8634400525772228,0.055826030509574805,0.1528347456852846,0.014858802888167344
R-HSA-141691,86.0,2905.0,18307.0,4.0,0.028752925442995653,0.9555555555555556,0.8634400525772228,0.055826030509574805,0.1528347456852846,0.014858802888167344
R-HSA-1504193,46.0,2983.0,18264.0,9.0,0.015186530207989435,0.8363636363636363,0.8595437048164492,0.029831387808041506,0.10112637806361073,0.007578515606567626
R-HSA-156661,150.0,18897.0,2250.0,5.0,0.007875255945818239,0.967741935483871,0.11266547741996057,0.015623372565357774,0.02048124182309795,0.006642234860488982
R-HSA-156808,34.0,1930.0,19314.0,24.0,0.017311608961303463,0.5862068965517241,0.9082715238005821,0.033630069238377844,0.08922253439553883,0.007239711673140144
R-HSA-156823,34.0,2258.0,18985.0,25.0,0.014834205933682374,0.576271186440678,0.8928269646042625,0.028923862186303703,0.0797099417968593,0.006324548136887663
R-HSA-156826,52.0,2280.0,18969.0,1.0,0.022298456260720412,0.9811320754716981,0.8929208525021125,0.04360587002096435,0.13942403289983615,0.01148379604955054
R-HSA-156907,86.0,2726.0,18488.0,2.0,0.03058321479374111,0.9772727272727273,0.8719369073326448,0.05931034482758621,0.1608303091849865,0.01584035481936013
R-HSA-156912,86.0,1976.0,19239.0,1.0,0.041707080504364696,0.9885057471264368,0.9071918129753075,0.08003722661703118,0.19312298177523898,0.027085764711439607
R-HSA-156915,86.0,2745.0,18468.0,3.0,0.03037795831861533,0.9662921348314607,0.8709980283541452,0.0589041095890411,0.15901916625688242,0.01566727007542251
R-HSA-156923,86.0,2726.0,18488.0,2.0,0.03058321479374111,0.9772727272727273,0.8719369073326448,0.05931034482758621,0.1608303091849865,0.01584035481936013
R-HSA-157849,34.0,2192.0,19053.0,23.0,0.015274034141958671,0.5964912280701754,0.8960191531311614,0.029785370127025843,0.08330729020152572,0.006233785181092096
R-HSA-1638803,94.0,12230.0,8950.0,28.0,0.00762739370334307,0.7704918032786885,0.4245610740775514,0.01510525470030532,0.029503269324230353,0.006901239761690706
R-HSA-1638821,94.0,12230.0,8950.0,28.0,0.00762739370334307,0.7704918032786885,0.4245610740775514,0.01510525470030532,0.029503269324230353,0.006901239761690706
R-HSA-174058,43.0,2752.0,18486.0,21.0,0.015384615384615385,0.671875,0.8698244296310206,0.030080447708989162,0.08790715654220178,0.007303191593277143
R-HSA-174105,48.0,3014.0,18216.0,24.0,0.015676028739386023,0.6666666666666666,0.8573842831658999,0.030631780472239953,0.08680314107438929,0.007124115566919745
R-HSA-174202,47.0,2745.0,18489.0,21.0,0.01683381088825215,0.6911764705882353,0.8701530372734955,0.032867132867132866,0.09392269333515957,0.007888863252102217
R-HSA-174203,46.0,2614.0,18633.0,9.0,0.017293233082706767,0.8363636363636363,0.8768660219697682,0.03388581952117863,0.10950559624554389,0.008441642503101516
R-HSA-174255,47.0,2940.0,18289.0,26.0,0.015734851021091397,0.6438356164383562,0.8607642474884988,0.030718954248366015,0.08505381515983255,0.0072172434073898215
R-HSA-176700,50.0,19251.0,2001.0,0.0,0.002590539350292731,1.0,0.0962820392451413,0.005167691592165779,0.015617759741580868,0.0017113880620722131
R-HSA-1799326,89.0,2804.0,18391.0,18.0,0.03076391289319046,0.8317757009345794,0.8675241761336964,0.059333333333333335,0.14434269218176807,0.015174041023419741
R-HSA-1799329,102.0,10051.0,11147.0,2.0,0.010046291736432582,0.9807692307692307,0.5280724814571401,0.019888856390757534,0.0707020352703195,0.006163798169606081
R-HSA-1799330,78.0,2856.0,18351.0,17.0,0.026584867075664622,0.8210526315789474,0.8651300347385222,0.05150214592274678,0.13271045117293173,0.014695818947235999
R-HSA-1799332,86.0,2797.0,18412.0,7.0,0.029830038154699964,0.9247311827956989,0.8683691672143461,0.05779569892473118,0.15280550908280788,0.015050155191076551
R-HSA-1799335,86.0,1976.0,19239.0,1.0,0.041707080504364696,0.9885057471264368,0.9071918129753075,0.08003722661703118,0.19312298177523898,0.027085764711439607
R-HSA-180573,46.0,2574.0,18676.0,6.0,0.017557251908396947,0.8846153846153846,0.8788846117735424,0.0344311377245509,0.11471491082908927,0.008847245894267225
R-HSA-180603,45.0,1443.0,19805.0,9.0,0.03024193548387097,0.8333333333333334,0.9318373861609238,0.058365758754863814,0.1509971571170365,0.015494929547933193
R-HSA-181450,50.0,19251.0,2001.0,0.0,0.002590539350292731,1.0,0.0962820392451413,0.005167691592165779,0.015617759741580868,0.0017113880620722131
R-HSA-187574,41.0,1019.0,20226.0,16.0,0.038679245283018866,0.7192982456140351,0.951413012862642,0.07341092211280215,0.15948682322982408,0.016675839197784273
R-HSA-188191,43.0,2788.0,18448.0,23.0,0.015188979159307664,0.6515151515151515,0.8680405595718712,0.029685881946841557,0.08517015918858672,0.007183085151844837
R-HSA-192704,86.0,1976.0,19239.0,1.0,0.041707080504364696,0.9885057471264368,0.9071918129753075,0.08003722661703118,0.19312298177523898,0.027085764711439607
R-HSA-192841,86.0,2790.0,18423.0,3.0,0.029902642559109873,0.9662921348314607,0.8688855506525209,0.05801011804384485,0.15756232988081478,0.015622335746529966
R-HSA-205039,8.0,362.0,20888.0,44.0,0.021621621621621623,0.15384615384615385,0.9809407567364566,0.037914691943127965,0.05167678490351503,0.005488275383808772
R-HSA-209061,44.0,1074.0,20176.0,8.0,0.03935599284436494,0.8461538461538461,0.9492066472631677,0.07521367521367521,0.17605903166547146,0.019144094158597653
R-HSA-211715,45.0,2649.0,18603.0,5.0,0.01670378619153675,0.9,0.8754107595530936,0.032798833819241986,0.11288485551440888,0.008592348789741551
R-HSA-212222,66.0,19377.0,1859.0,0.0,0.0033945378799567967,1.0,0.09036710168059336,0.006766107950176842,0.01723826950498366,0.0019137659136425709
R-HSA-212252,67.0,19027.0,2207.0,1.0,0.003508955692887818,0.9852941176470589,0.10675053985541264,0.006993006993006993,0.01651349887522472,0.002246080023872661
R-HSA-212263,67.0,19027.0,2207.0,1.0,0.003508955692887818,0.9852941176470589,0.10675053985541264,0.006993006993006993,0.01651349887522472,0.002246080023872661
R-HSA-212269,66.0,19377.0,1859.0,0.0,0.0033945378799567967,1.0,0.09036710168059336,0.006766107950176842,0.01723826950498366,0.0019137659136425709
R-HSA-2130282,50.0,1927.0,19307.0,18.0,0.025290844714213456,0.7352941176470589,0.908694019340907,0.0488997555012225,0.12530242210434314,0.013780949630618098
R-HSA-2172678,60.0,19398.0,1844.0,0.0,0.003083564600678384,1.0,0.08938127875316872,0.006148170919151552,0.01636097879521025,0.0016814951176874933
R-HSA-2213248,76.0,20553.0,673.0,0.0,0.0036841339861360223,1.0,0.03516101774481269,0.007341221927070756,0.010807896084091136,0.003446931588186001
R-HSA-2245218,62.0,19389.0,1851.0,0.0,0.003187496786797594,1.0,0.08980377429349357,0.006354737867062984,0.016666746542693265,0.0019087409587748884
R-HSA-2288097,65.0,19454.0,1783.0,0.0,0.003330088631589733,1.0,0.08675241761336963,0.0066380718954248364,0.016720797385957102,0.0018308792803801367
R-HSA-2294574,65.0,19387.0,1850.0,0.0,0.0033415587086160804,1.0,0.08989766219134354,0.0066608597632832915,0.01706136713944511,0.0018246782983197026
R-HSA-2294580,65.0,19387.0,1850.0,0.0,0.0033415587086160804,1.0,0.08989766219134354,0.0066608597632832915,0.01706136713944511,0.0018246782983197026
R-HSA-2294590,65.0,19387.0,1850.0,0.0,0.0033415587086160804,1.0,0.08989766219134354,0.0066608597632832915,0.01706136713944511,0.0018246782983197026
R-HSA-2294600,66.0,19395.0,1841.0,0.0,0.0033913981809773393,1.0,0.08952211059994367,0.006759870947918267,0.017146675438188062,0.0019626589285374114
R-HSA-2301205,61.0,19400.0,1841.0,0.0,0.003134474076357844,1.0,0.08928739085531875,0.006249359696752382,0.016482449582186223,0.001725711875675182
R-HSA-2316434,63.0,13930.0,7287.0,22.0,0.004502251125562781,0.7411764705882353,0.34503802459862926,0.008950134962352606,0.011237726178404675,0.0037817937761434545
R-HSA-2400009,59.0,13793.0,7431.0,19.0,0.0042593127346231595,0.7564102564102564,0.35161017744812695,0.008470926058865758,0.0134930371959281,0.003793256350557751
R-HSA-2408529,86.0,2606.0,18607.0,3.0,0.03194650817236255,0.9662921348314607,0.8775232372547178,0.0618482560230133,0.16373481806504595,0.016548973423206475
R-HSA-2467809,94.0,12254.0,8925.0,29.0,0.007612568837058633,0.7642276422764228,0.42338747535442683,0.015074973939539731,0.028494417737259897,0.006820779089997963
R-HSA-2467811,94.0,12230.0,8950.0,28.0,0.00762739370334307,0.7704918032786885,0.4245610740775514,0.01510525470030532,0.029503269324230353,0.006901239761690706
R-HSA-2468287,95.0,12303.0,8874.0,30.0,0.007662526213905468,0.76,0.42104027790817766,0.015172083366605443,0.02772475695929762,0.006907414738353888
R-HSA-2484822,94.0,12230.0,8950.0,28.0,0.00762739370334307,0.7704918032786885,0.4245610740775514,0.01510525470030532,0.029503269324230353,0.006901239761690706
R-HSA-2574840,1.0,13.0,21217.0,71.0,0.07142857142857142,0.013888888888888888,0.9960567082903014,0.023255813953488372,0.030067336782791526,0.005207732955745416
R-HSA-2574845,1.0,13.0,21217.0,71.0,0.07142857142857142,0.013888888888888888,0.9960567082903014,0.023255813953488372,0.030067336782791526,0.005207732955745416
R-HSA-264458,45.0,2562.0,18690.0,5.0,0.01726121979286536,0.9,0.8794948831095671,0.03387278885961611,0.1150901205303541,0.008691693349711278
R-HSA-3000310,1.0,13.0,21217.0,71.0,0.07142857142857142,0.013888888888888888,0.9960567082903014,0.023255813953488372,0.030067336782791526,0.005135077749975882
R-HSA-3000319,1.0,13.0,21217.0,71.0,0.07142857142857142,0.013888888888888888,0.9960567082903014,0.023255813953488372,0.030067336782791526,0.005135077749975882
R-HSA-3222593,59.0,19392.0,1851.0,0.0,0.003033263071307388,1.0,0.08966294244671862,0.006048180420297283,0.01625737126545185,0.0016852957752540253
R-HSA-3223200,71.0,19175.0,2056.0,0.0,0.0036890782500259792,1.0,0.09984977936344006,0.007351037945850804,0.018901020956332497,0.002429860332243304
R-HSA-3229089,70.0,19378.0,1854.0,0.0,0.003599341834635952,1.0,0.09032015773166839,0.007172866072343477,0.017728457853155858,0.002318006264514449
R-HSA-3229102,73.0,19209.0,2020.0,0.0,0.003785914324240224,1.0,0.0982536850999906,0.0075432704727460605,0.018980004322581845,0.002332388550328006
R-HSA-3240295,63.0,19446.0,1793.0,0.0,0.0032292787944025836,1.0,0.0871279692047695,0.006437768240343348,0.016511095246091963,0.0018179676700986426
R-HSA-3364026,71.0,19966.0,1264.0,1.0,0.0035434446274392375,0.9861111111111112,0.06267017181485307,0.007061514744641703,0.011210259352920622,0.0022963792850233928
R-HSA-3451147,51.0,19446.0,1804.0,1.0,0.00261578704416064,0.9807692307692307,0.08708102525584452,0.005217658192234897,0.01163540930450324,0.0014791295401017377
R-HSA-3640874,47.0,2912.0,18336.0,7.0,0.015883744508279823,0.8703703703703703,0.862970613087973,0.031198141387321604,0.10662107637338815,0.00794758475932663
R-HSA-3662335,62.0,20099.0,1141.0,0.0,0.003075244283517683,1.0,0.05647357055675523,0.0061316322998566,0.012853025700433774,0.0017314745147896102
R-HSA-375302,62.0,8122.0,13067.0,51.0,0.007575757575757576,0.5486725663716814,0.6163271054361092,0.014945160901530676,0.024695028280041446,0.006351892601810556
R-HSA-376419,37.0,5580.0,15672.0,13.0,0.006587146163432437,0.74,0.7374424936625669,0.013058055408505381,0.05243315958151452,0.004617144045758016
R-HSA-3769447,84.0,19994.0,1223.0,1.0,0.00418368363382807,0.9882352941176471,0.06135574124495353,0.008332093438476417,0.012428039752334096,0.003309419738696935
R-HSA-3777129,66.0,19232.0,2003.0,1.0,0.003420043527826718,0.9850746268656716,0.09712703032579101,0.006816421378776142,0.01522927424804715,0.0019426403822192199
R-HSA-3782637,62.0,19405.0,1835.0,0.0,0.003184876971284738,1.0,0.08905267111069383,0.006349531466024886,0.016587735755966487,0.0017892801960682425
R-HSA-3782655,62.0,18999.0,2241.0,0.0,0.003252714967735166,1.0,0.10811191437423716,0.00648433823144904,0.018525360846071055,0.0018233945782557923
R-HSA-3785711,50.0,19251.0,2001.0,0.0,0.002590539350292731,1.0,0.0962820392451413,0.005167691592165779,0.015617759741580868,0.0017113880620722131
R-HSA-3788745,60.0,19441.0,1801.0,0.0,0.0030767652940874826,1.0,0.08736268894939442,0.006134655692449261,0.016151257389877074,0.0017496772417655104
R-HSA-3788748,60.0,19441.0,1801.0,0.0,0.0030767652940874826,1.0,0.08736268894939442,0.006134655692449261,0.016151257389877074,0.0017496772417655104
R-HSA-379044,106.0,19799.0,1394.0,3.0,0.005325295151971866,0.9724770642201835,0.07041592338747535,0.010592585190366743,0.01102557757324813,0.004793325392188552
R-HSA-379048,144.0,19807.0,1348.0,3.0,0.007217683324144153,0.9795918367346939,0.07004037179607549,0.014329784058115235,0.014711717820183132,0.005982123623046192
R-HSA-380073,213.0,19299.0,1789.0,1.0,0.010916359163591636,0.9953271028037384,0.09398178574781711,0.021595863327587957,0.028814835972102305,0.009403787959916629
R-HSA-380272,1.0,12.0,21220.0,69.0,0.07692307692307693,0.014285714285714285,0.9961975401370763,0.024096385542168672,0.0317955280903832,0.005054792987331735
R-HSA-380283,1.0,13.0,21209.0,79.0,0.07142857142857142,0.0125,0.9956811566989016,0.02127659574468085,0.028372304006946802,0.005454609723744972
R-HSA-380294,1.0,12.0,21220.0,69.0,0.07692307692307693,0.014285714285714285,0.9961975401370763,0.024096385542168672,0.0317955280903832,0.005054792987331735
R-HSA-380303,1.0,12.0,21220.0,69.0,0.07692307692307693,0.014285714285714285,0.9961975401370763,0.024096385542168672,0.0317955280903832,0.005054792987331735
R-HSA-380311,1.0,12.0,21218.0,71.0,0.07692307692307693,0.013888888888888888,0.9961036522392264,0.023529411764705882,0.03131231569809035,0.005087660341191687
R-HSA-380316,55.0,8130.0,13078.0,39.0,0.006719609040928528,0.5851063829787234,0.6165148812318092,0.013286628819905786,0.027493072439347968,0.00603296964937127
R-HSA-380455,1.0,12.0,21218.0,71.0,0.07692307692307693,0.013888888888888888,0.9961036522392264,0.023529411764705882,0.03131231569809035,0.005087660341191687
R-HSA-380508,1.0,12.0,21209.0,80.0,0.07692307692307693,0.012345679012345678,0.9956811566989016,0.02127659574468085,0.029358160547186277,0.005578171575991566
R-HSA-382096,39.0,6144.0,15107.0,12.0,0.006307617661329452,0.7647058823529411,0.7110130504178012,0.012512030798845043,0.05120901245321027,0.0044894880236185895
R-HSA-419166,12.0,628.0,20620.0,42.0,0.01875,0.2222222222222222,0.968547554220261,0.0345821325648415,0.05675262444485602,0.006839407382017177
R-HSA-427336,73.0,19170.0,2059.0,0.0,0.00379358727849088,1.0,0.10008449910806497,0.00755850072478774,0.019181759649860117,0.002369362198836802
R-HSA-427337,59.0,19396.0,1847.0,0.0,0.003032639424312516,1.0,0.08947516665101868,0.006046940657989135,0.0162381261652862,0.0016440678086397443
R-HSA-427383,59.0,19399.0,1844.0,0.0,0.0030321718573337445,1.0,0.08933433480424373,0.0060460111697494484,0.016223682558754577,0.001633416621919037
R-HSA-427514,61.0,19454.0,1787.0,0.0,0.0031258006661542405,1.0,0.08675241761336963,0.0062321209644462605,0.016216436898622424,0.0017259745515699856
R-HSA-427527,61.0,19454.0,1787.0,0.0,0.0031258006661542405,1.0,0.08675241761336963,0.0062321209644462605,0.016216436898622424,0.0017259745515699856
R-HSA-427528,61.0,19454.0,1787.0,0.0,0.0031258006661542405,1.0,0.08675241761336963,0.0062321209644462605,0.016216436898622424,0.0017259745515699856
R-HSA-433672,73.0,19155.0,2074.0,0.0,0.0037965467027251923,1.0,0.10078865834193973,0.007564374902854774,0.0192590109831425,0.002299281935409307
R-HSA-4641256,45.0,2752.0,18498.0,7.0,0.016088666428316054,0.8653846153846154,0.8704816449159704,0.03159003159003159,0.10752182150444614,0.008246131810948043
R-HSA-4641260,45.0,2814.0,18437.0,6.0,0.015739769150052464,0.8823529411764706,0.8676180640315463,0.030927835051546386,0.10751669556948625,0.00823141910733667
R-HSA-481007,2.0,31.0,21204.0,65.0,0.06060606060606061,0.029850746268656716,0.9954933809032016,0.04,0.0404214668909298,0.0062113119572965595
R-HSA-5227490,73.0,19155.0,2074.0,0.0,0.0037965467027251923,1.0,0.10078865834193973,0.007564374902854774,0.0192590109831425,0.002299281935409307
R-HSA-5250938,86.0,20102.0,1113.0,1.0,0.004259956409748365,0.9885057471264368,0.0562857947610553,0.00848335388409371,0.011736627259122494,0.003012239731279681
R-HSA-5333615,86.0,2606.0,18607.0,3.0,0.03194650817236255,0.9662921348314607,0.8775232372547178,0.0618482560230133,0.16373481806504595,0.016548973423206475
R-HSA-5334097,60.0,19399.0,1843.0,0.0,0.003083406135978211,1.0,0.08933433480424373,0.0061478559352425854,0.01635612163194248,0.001736936673514923
R-HSA-5334099,59.0,19395.0,1848.0,0.0,0.003032795312018094,1.0,0.08952211059994367,0.006047250550914774,0.01624293883586286,0.0016565295630492226
R-HSA-5334151,60.0,19425.0,1817.0,0.0,0.003079291762894534,1.0,0.08811379213219415,0.006139677666922486,0.016229501542767154,0.0016869843593661075
R-HSA-5334152,60.0,19400.0,1842.0,0.0,0.003083247687564234,1.0,0.08928739085531875,0.006147540983606557,0.016351263525265346,0.0016919426653724363
R-HSA-5334160,60.0,19425.0,1817.0,0.0,0.003079291762894534,1.0,0.08811379213219415,0.006139677666922486,0.016229501542767154,0.0016869843593661075
R-HSA-5334164,60.0,19399.0,1843.0,0.0,0.003083406135978211,1.0,0.08933433480424373,0.0061478559352425854,0.01635612163194248,0.001736936673514923
R-HSA-5334179,60.0,19400.0,1842.0,0.0,0.003083247687564234,1.0,0.08928739085531875,0.006147540983606557,0.016351263525265346,0.0016919426653724363
R-HSA-5362448,44.0,1890.0,19360.0,8.0,0.022750775594622543,0.8461538461538461,0.9109003849403812,0.04431017119838872,0.130055399623327,0.011001498940973057
R-HSA-5387392,45.0,2912.0,18340.0,5.0,0.015218126479540075,0.9,0.8630645009858229,0.02993016295310941,0.1067854727139867,0.00769045432888375
R-HSA-5389839,79.0,4134.0,17082.0,7.0,0.01875148350344173,0.9186046511627907,0.805605107501643,0.036752733193766,0.1152169905576749,0.009734263767845721
R-HSA-5389842,78.0,4188.0,17029.0,7.0,0.01828410689170183,0.9176470588235294,0.803070134259694,0.035853826706504256,0.11346068587851349,0.00935522320624887
R-HSA-5389848,78.0,4188.0,17029.0,7.0,0.01828410689170183,0.9176470588235294,0.803070134259694,0.035853826706504256,0.11346068587851349,0.00935522320624887
R-HSA-5389857,78.0,4179.0,17039.0,6.0,0.018322762508809022,0.9285714285714286,0.8035395737489438,0.0359364201796821,0.11466338018774014,0.00930682232254252
R-HSA-5419261,78.0,4229.0,16988.0,7.0,0.018110053401439518,0.9176470588235294,0.8011454323537696,0.03551912568306011,0.11275216031405128,0.009210597164112608
R-HSA-5419264,79.0,4222.0,16995.0,6.0,0.018367821436875147,0.9294117647058824,0.8015209839451695,0.03602371181030552,0.11471029172101484,0.009403270891483418
R-HSA-5419271,79.0,4222.0,16995.0,6.0,0.018367821436875147,0.9294117647058824,0.8015209839451695,0.03602371181030552,0.11471029172101484,0.009403270891483418
R-HSA-5419273,79.0,4391.0,16825.0,7.0,0.01767337807606264,0.9186046511627907,0.7935405126279222,0.03467954345917471,0.11082011978484965,0.009080869373732333
R-HSA-5419277,79.0,4391.0,16825.0,7.0,0.01767337807606264,0.9186046511627907,0.7935405126279222,0.03467954345917471,0.11082011978484965,0.009080869373732333
R-HSA-5419279,78.0,4229.0,16988.0,7.0,0.018110053401439518,0.9176470588235294,0.8011454323537696,0.03551912568306011,0.11275216031405128,0.009210597164112608
R-HSA-5419281,78.0,4119.0,17098.0,7.0,0.01858470335954253,0.9176470588235294,0.8063092667355178,0.03643157403082672,0.11467404561999192,0.009557360123383204
R-HSA-5578742,72.0,19380.0,1850.0,0.0,0.003701418877236274,1.0,0.09022626983381841,0.007375537799631224,0.01795953073902142,0.0025728495225059668
R-HSA-560473,51.0,18726.0,2524.0,1.0,0.002716088832081802,0.9807692307692307,0.1208806684818327,0.005417175633331563,0.015197069704294745,0.002075444070487509
R-HSA-560517,51.0,18728.0,2522.0,1.0,0.002715799563342031,0.9807692307692307,0.12078678058398272,0.005416600286761192,0.015187908994321271,0.0020572444433348954
R-HSA-5607731,45.0,2653.0,18598.0,6.0,0.016679021497405487,0.8823529411764706,0.8751760398084687,0.032739177882866496,0.11131149442439633,0.008746731931995873
R-HSA-5617431,90.0,20114.0,1096.0,2.0,0.004454563452781627,0.9782608695652174,0.055675523425030515,0.008868742609381157,0.008878058014351143,0.0032314458127853368
R-HSA-5617445,75.0,19169.0,2058.0,0.0,0.0038973186447723964,1.0,0.10013144305698995,0.007764377038148972,0.019438436618035165,0.0024242321067889866
R-HSA-5617452,89.0,20059.0,1152.0,2.0,0.0044173118919992056,0.978021978021978,0.05825744061590461,0.008794900933840603,0.009316097796651506,0.003078964021457262
R-HSA-5617454,89.0,19896.0,1315.0,2.0,0.004453340005003753,0.978021978021978,0.06590930429067693,0.008866308029487945,0.010837095507946296,0.003304458505944608
R-HSA-5617462,70.0,19432.0,1800.0,0.0,0.003589375448671931,1.0,0.08778518448971928,0.007153075822603719,0.017444167323387043,0.002144842319011619
R-HSA-5617471,84.0,19732.0,1484.0,2.0,0.004238998788857489,0.9767441860465116,0.07360811191437423,0.008441362677117878,0.011622523515267318,0.0037398972067950293
R-HSA-5617483,81.0,19208.0,2011.0,2.0,0.004199284566333143,0.9759036144578314,0.09820674115106563,0.008362585174478628,0.015052335453798544,0.002947348497838872
R-HSA-5617484,78.0,19025.0,2197.0,2.0,0.004083128304454797,0.975,0.10679748380433762,0.008132200385758223,0.015786313512351553,0.0026289162768197813
R-HSA-5617486,82.0,19156.0,2062.0,2.0,0.004262397338600686,0.9761904761904762,0.10064782649516478,0.008487734189007348,0.015544905761745493,0.002935380292460117
R-HSA-5617492,78.0,19025.0,2197.0,2.0,0.004083128304454797,0.975,0.10679748380433762,0.008132200385758223,0.015786313512351553,0.0026289162768197813
R-HSA-5617641,82.0,19745.0,1473.0,2.0,0.004135774448983709,0.9761904761904762,0.07299784057834945,0.008236653106323136,0.011260373564765513,0.002861582555854089
R-HSA-5617642,70.0,19432.0,1800.0,0.0,0.003589375448671931,1.0,0.08778518448971928,0.007153075822603719,0.017444167323387043,0.002144842319011619
R-HSA-5617650,75.0,19169.0,2058.0,0.0,0.0038973186447723964,1.0,0.10013144305698995,0.007764377038148972,0.019438436618035165,0.0024242321067889866
R-HSA-5617661,80.0,20139.0,1081.0,2.0,0.003956674415154063,0.975609756097561,0.05450192470190592,0.007881385153440718,0.0074849188359924065,0.002669756127110266
R-HSA-5617672,80.0,20139.0,1081.0,2.0,0.003956674415154063,0.975609756097561,0.05450192470190592,0.007881385153440718,0.0074849188359924065,0.002669756127110266
R-HSA-5617676,82.0,19745.0,1473.0,2.0,0.004135774448983709,0.9761904761904762,0.07299784057834945,0.008236653106323136,0.011260373564765513,0.002861582555854089
R-HSA-5617816,1.0,14.0,21193.0,94.0,0.06666666666666667,0.010526315789473684,0.9949300535161018,0.01818181818181818,0.024782582310515996,0.006036823303204849
R-HSA-5617859,88.0,20048.0,1164.0,2.0,0.004370282081843465,0.9777777777777777,0.05877382405407943,0.008701671116384853,0.009310885595715062,0.003147042612031752
R-HSA-5617862,82.0,19865.0,1355.0,0.0,0.0041108938687521935,1.0,0.06745845460520139,0.008188127215537471,0.01620186802299226,0.0027104427457368633
R-HSA-5617866,77.0,19022.0,2201.0,2.0,0.004031624692392272,0.9746835443037974,0.10693831565111257,0.008030034414433205,0.015648579670084543,0.0027927351225736884
R-HSA-5617867,82.0,20112.0,1106.0,2.0,0.004060612062989006,0.9761904761904762,0.055769411322880484,0.0080875826018345,0.007991773608360087,0.002845453841122551
R-HSA-5617874,85.0,20001.0,1214.0,2.0,0.004231803246042019,0.9770114942528736,0.06098018965355366,0.00842710553710405,0.009411090472229525,0.0029996311358119554
R-HSA-5617877,76.0,19751.0,1475.0,0.0,0.003833156806375145,1.0,0.07281006478264952,0.007637039642264985,0.016320754160481597,0.002491673769229019
R-HSA-5617887,82.0,19142.0,2076.0,2.0,0.004265501456512693,0.9761904761904762,0.10130504178011454,0.008493888543608868,0.015637463021737297,0.0028193375114164716
R-HSA-5617896,92.0,19842.0,1366.0,2.0,0.00461523025985753,0.9787234042553191,0.06844427753262604,0.009187138006790494,0.011662288694328636,0.0032729899290434004
R-HSA-5621002,81.0,19207.0,2012.0,2.0,0.004199502281211116,0.9759036144578314,0.0982536850999906,0.008363016880904446,0.015059022835746559,0.0030011510655587057
R-HSA-5621010,80.0,19214.0,2006.0,2.0,0.004146366746138696,0.975609756097561,0.09792507745751573,0.008257638315441785,0.01486525258760907,0.0028768814063742333
R-HSA-5624949,51.0,20303.0,947.0,1.0,0.0025056499950869607,0.9807692307692307,0.0468500610271336,0.004998529844163481,0.006062542072251121,0.0017617353810964159
R-HSA-5624952,51.0,20303.0,947.0,1.0,0.0025056499950869607,0.9807692307692307,0.0468500610271336,0.004998529844163481,0.006062542072251121,0.0017617353810964159
R-HSA-5625416,51.0,20303.0,947.0,1.0,0.0025056499950869607,0.9807692307692307,0.0468500610271336,0.004998529844163481,0.006062542072251121,0.0017617353810964159
R-HSA-5625421,51.0,20303.0,947.0,1.0,0.0025056499950869607,0.9807692307692307,0.0468500610271336,0.004998529844163481,0.006062542072251121,0.0017617353810964159
R-HSA-5625424,51.0,20303.0,947.0,1.0,0.0025056499950869607,0.9807692307692307,0.0468500610271336,0.004998529844163481,0.006062542072251121,0.0017617353810964159
R-HSA-5625426,51.0,20303.0,947.0,1.0,0.0025056499950869607,0.9807692307692307,0.0468500610271336,0.004998529844163481,0.006062542072251121,0.0017617353810964159
R-HSA-5625774,60.0,19184.0,2058.0,0.0,0.0031178549158179174,1.0,0.0994272838231152,0.006216328222130129,0.017380126537332504,0.002142531886943051
R-HSA-5625784,60.0,19184.0,2058.0,0.0,0.0031178549158179174,1.0,0.0994272838231152,0.006216328222130129,0.017380126537332504,0.002142531886943051
R-HSA-5625796,1.0,55.0,21186.0,60.0,0.017857142857142856,0.01639344262295082,0.9946014458736269,0.017094017094017096,0.014405496370483216,0.0021706250395826087
R-HSA-5625797,1.0,55.0,21186.0,60.0,0.017857142857142856,0.01639344262295082,0.9946014458736269,0.017094017094017096,0.014405496370483216,0.0021706250395826087
R-HSA-5625848,60.0,19234.0,2007.0,1.0,0.003109775059604022,0.9836065573770492,0.09703314242794103,0.006199948333763886,0.014281539973174178,0.002173409930579227
R-HSA-5625849,60.0,19234.0,2007.0,1.0,0.003109775059604022,0.9836065573770492,0.09703314242794103,0.006199948333763886,0.014281539973174178,0.002173409930579227
R-HSA-5625870,60.0,19234.0,2007.0,1.0,0.003109775059604022,0.9836065573770492,0.09703314242794103,0.006199948333763886,0.014281539973174178,0.002173409930579227
R-HSA-5625883,1.0,63.0,21177.0,61.0,0.015625,0.016129032258064516,0.9941789503333021,0.015873015873015872,0.012956237369116873,0.0022085600866915303
R-HSA-5626220,1.0,10.0,21218.0,73.0,0.09090909090909091,0.013513513513513514,0.9961036522392264,0.023529411764705885,0.0337780670593293,0.005532554115414235
R-HSA-5626223,1.0,13.0,21210.0,78.0,0.07142857142857142,0.012658227848101266,0.9957281006478265,0.021505376344086023,0.02857044341642744,0.005219128630434557
R-HSA-5626227,1.0,10.0,21211.0,80.0,0.09090909090909091,0.012345679012345678,0.9957750445967515,0.021739130434782605,0.03216951238331008,0.005528558559087845
R-HSA-5626228,1.0,14.0,21208.0,79.0,0.06666666666666667,0.0125,0.9956342127499765,0.02105263157894737,0.027302238771091437,0.005212734872296565
R-HSA-5626681,1.0,16.0,21193.0,92.0,0.058823529411764705,0.010752688172043012,0.9949300535161018,0.01818181818181818,0.02334350550550939,0.005943055165372115
R-HSA-5626699,1.0,10.0,21211.0,80.0,0.09090909090909091,0.012345679012345678,0.9957750445967515,0.021739130434782605,0.03216951238331008,0.005528558559087845
R-HSA-5635854,42.0,3066.0,18184.0,10.0,0.013513513513513514,0.8076923076923077,0.8556004131067505,0.02658227848101266,0.09273817022295118,0.006766145686373779
R-HSA-5635868,45.0,2694.0,18556.0,7.0,0.01642935377875137,0.8653846153846154,0.8732043939536194,0.032246506628448586,0.10888677446188069,0.008157957796697136
R-HSA-5638009,1.0,16.0,21192.0,93.0,0.058823529411764705,0.010638297872340425,0.9948831095671767,0.018018018018018018,0.023199537485503043,0.005904216782791596
R-HSA-5666129,23.0,2829.0,18375.0,75.0,0.008064516129032258,0.23469387755102042,0.8636747723218478,0.015593220338983051,0.020125841524055072,0.005705309815523173
R-HSA-5666160,23.0,2829.0,18375.0,75.0,0.008064516129032258,0.23469387755102042,0.8636747723218478,0.015593220338983051,0.020125841524055072,0.005705309815523173
R-HSA-5666169,77.0,11155.0,10032.0,38.0,0.006855413105413106,0.6695652173913044,0.4745563796826589,0.013571869216533005,0.02099752243621161,0.006375909813201053
R-HSA-5668481,45.0,3897.0,17340.0,20.0,0.01141552511415525,0.6923076923076923,0.8161205520608393,0.022460693785874716,0.07226422308476033,0.005799917187082773
R-HSA-5672965,19.0,2147.0,19034.0,102.0,0.008771929824561403,0.15702479338842976,0.894423058867712,0.016615653694796676,0.013840670903540533,0.005860063532283808
R-HSA-5682858,53.0,20575.0,674.0,0.0,0.0025693232499515222,1.0,0.03412825086846306,0.005125477491417243,0.009027553553532946,0.001712746992471555
R-HSA-5683077,53.0,20575.0,674.0,0.0,0.0025693232499515222,1.0,0.03412825086846306,0.005125477491417243,0.009027553553532946,0.001712746992471555
R-HSA-5683384,48.0,19379.0,1873.0,2.0,0.0024707880784475213,0.96,0.09017932588489344,0.00492889048621451,0.008220973767195595,0.0014810506913755309
R-HSA-5683385,54.0,19417.0,1830.0,1.0,0.0027733552462636743,0.9818181818181818,0.08844239977466904,0.005531086756120045,0.012301794190782213,0.0019570710465036402
R-HSA-5683735,55.0,19417.0,1829.0,1.0,0.002824568611339359,0.9821428571428571,0.08844239977466904,0.005632937320770175,0.012467372052369953,0.0019747344977921067
R-HSA-5683801,55.0,19417.0,1829.0,1.0,0.002824568611339359,0.9821428571428571,0.08844239977466904,0.005632937320770175,0.012467372052369953,0.0019747344977921067
R-HSA-5684052,56.0,19356.0,1889.0,1.0,0.00288481351741191,0.9824561403508771,0.09130598065909304,0.005752735117366069,0.012966495817828839,0.0021087781967498186
R-HSA-5684071,60.0,19443.0,1798.0,1.0,0.003076449776957391,0.9836065573770492,0.08722185710261947,0.006133714986710284,0.013116419941452545,0.002369297258911958
R-HSA-5686685,56.0,19363.0,1882.0,1.0,0.002883773623770534,0.9824561403508771,0.09097737301661815,0.005750667488190593,0.012928272224814132,0.002085061787960027
R-HSA-5686704,49.0,19384.0,1867.0,2.0,0.0025214840734832504,0.9607843137254902,0.08994460614026852,0.005029768014781359,0.008402042251153485,0.001552206049743344
R-HSA-5686900,49.0,19384.0,1867.0,2.0,0.0025214840734832504,0.9607843137254902,0.08994460614026852,0.005029768014781359,0.008402042251153485,0.001552206049743344
R-HSA-5687112,45.0,2659.0,18593.0,5.0,0.01664201183431953,0.9,0.8749413200638437,0.032679738562091505,0.11263781496863429,0.008479580703103624
R-HSA-5693551,54.0,19417.0,1830.0,1.0,0.0027733552462636743,0.9818181818181818,0.08844239977466904,0.005531086756120045,0.012301794190782213,0.0019570710465036402
R-HSA-5693599,51.0,19426.0,1824.0,1.0,0.002618473070801458,0.9807692307692307,0.08801990423434419,0.005223001689794664,0.011743360879016432,0.0016359889592928063
R-HSA-5693644,86.0,19741.0,1473.0,2.0,0.0043375195440560855,0.9772727272727273,0.07318561637404938,0.008636706000502136,0.011801016862411133,0.0032537554512906603
R-HSA-5694418,42.0,12986.0,8266.0,8.0,0.003223825606386245,0.84,0.3900103276687635,0.006423000458785747,0.022731704861334762,0.0028162590634995266
R-HSA-5694441,43.0,13046.0,8205.0,8.0,0.0032852013140805257,0.8431372549019608,0.3871936907332645,0.006544901065449011,0.023017324371002398,0.002908339808831147
R-HSA-606287,13.0,2434.0,18796.0,59.0,0.0053126277073968125,0.18055555555555555,0.882968735330016,0.010321556173084558,0.011996072178479996,0.002894961631021132
R-HSA-606289,68.0,19410.0,1822.0,2.0,0.003491118184618544,0.9714285714285714,0.08872406346821894,0.006957233476570493,0.011707872710128166,0.002721123173183458
R-HSA-6782141,19.0,4285.0,16966.0,32.0,0.004414498141263941,0.37254901960784315,0.797342972490846,0.008725602755453503,0.020802277601675263,0.0028075279012487134
R-HSA-6782204,19.0,4285.0,16966.0,32.0,0.004414498141263941,0.37254901960784315,0.797342972490846,0.008725602755453503,0.020802277601675263,0.0028075279012487134
R-HSA-6782208,34.0,6338.0,14902.0,28.0,0.0053358443188951665,0.5483870967741935,0.7011548211435545,0.01056885296860429,0.02941197682469461,0.0033499169625173884
R-HSA-6782211,40.0,7580.0,13656.0,26.0,0.005249343832020997,0.6060606060606061,0.642944324476575,0.010408534998698933,0.028884435209386647,0.0034279378974695065
R-HSA-6782224,40.0,7580.0,13656.0,26.0,0.005249343832020997,0.6060606060606061,0.642944324476575,0.010408534998698933,0.028884435209386647,0.0034279378974695065
R-HSA-6782227,30.0,3890.0,17347.0,35.0,0.007653061224489796,0.46153846153846156,0.8157450004694395,0.015056461731493099,0.03962132639827583,0.004003840564503952
R-HSA-6791218,53.0,2793.0,18443.0,13.0,0.018622628250175684,0.803030303030303,0.8682752793164961,0.0364010989010989,0.10969163522314844,0.009227970939588768
R-HSA-6791221,32.0,4220.0,17020.0,30.0,0.007525870178739417,0.5161290322580645,0.8004882170688198,0.014835419564209551,0.04278444655963782,0.004969157853060131
R-HSA-6791222,54.0,13250.0,7991.0,7.0,0.004058929645219483,0.8852459016393442,0.3776640691014928,0.00808080808080808,0.028851143922971147,0.00370010610210328
R-HSA-6791223,44.0,2830.0,18420.0,8.0,0.015309672929714684,0.8461538461538461,0.8667730729508967,0.030075187969924817,0.1029851021765652,0.007978800721580916
R-HSA-6791227,37.0,8143.0,13108.0,14.0,0.0045232273838630805,0.7254901960784313,0.617078208618909,0.008990402138257804,0.034396594273016855,0.003872287381373672
R-HSA-6791228,38.0,8388.0,12860.0,16.0,0.004509850462853074,0.7037037037037037,0.6054830532344381,0.008962264150943396,0.03177055601644399,0.004135421636738985
R-HSA-6797712,17.0,2704.0,18544.0,37.0,0.006247703050349137,0.3148148148148148,0.8713266359966201,0.012252252252252252,0.028254494755441634,0.0034137419192219643
R-HSA-6798739,4.0,266.0,20981.0,51.0,0.014814814814814815,0.07272727272727272,0.9851187681907803,0.024615384615384615,0.027312481702108805,0.0037699705361588396
R-HSA-6798743,62.0,16560.0,4669.0,11.0,0.0037299963903260737,0.8493150684931506,0.22209182236409727,0.007427373465109313,0.00977421316683488,0.003326513244630327
R-HSA-6798745,55.0,21140.0,107.0,0.0,0.0025949516395376267,1.0,0.007604919725847338,0.005176470588235294,0.0036149951102364924,0.0020363756252078594
R-HSA-6798747,7.0,976.0,20256.0,63.0,0.007121057985757884,0.1,0.9512252370669421,0.013295346628679964,0.01473889013142973,0.003599230637197663
R-HSA-6798748,54.0,7664.0,13535.0,49.0,0.00699663125161959,0.5242718446601942,0.6379213219416018,0.013808975834292287,0.023486520700521873,0.0059349808187343246
R-HSA-6798749,52.0,16756.0,4485.0,9.0,0.003093764873869586,0.8524590163934426,0.21298469627265046,0.006165155018080502,0.00833075920808463,0.00261660076851953
R-HSA-6798751,25.0,4339.0,16874.0,64.0,0.0057286892758936754,0.2808988764044944,0.7933057928832974,0.011228385358185494,0.012202735931977472,0.004736794925681388
R-HSA-6799179,50.0,4213.0,17033.0,6.0,0.01172882946281961,0.8928571428571429,0.8019434794854943,0.0231535077564251,0.0888921220089149,0.006435308464871145
R-HSA-6799196,50.0,4213.0,17033.0,6.0,0.01172882946281961,0.8928571428571429,0.8019434794854943,0.0231535077564251,0.0888921220089149,0.006435308464871145
R-HSA-6799350,80.0,17712.0,3501.0,9.0,0.0044964028776978415,0.898876404494382,0.16810628110036616,0.008948045411330461,0.01111333787455707,0.003852900498764481
R-HSA-6800426,4.0,439.0,20803.0,56.0,0.009029345372460496,0.06666666666666667,0.9767627452821331,0.01590457256461232,0.017083747606131683,0.003619289309401113
R-HSA-6800434,12.0,1118.0,20059.0,113.0,0.010619469026548672,0.096,0.9422119988733453,0.019123505976095617,0.014724019490188214,0.0062552558798860914
R-HSA-6802932,17.0,3148.0,18102.0,35.0,0.005371248025276461,0.3269230769230769,0.8505774105717773,0.010568852968604289,0.02480476431237642,0.00338522549740692
R-HSA-6802933,17.0,3148.0,18102.0,35.0,0.005371248025276461,0.3269230769230769,0.8505774105717773,0.010568852968604289,0.02480476431237642,0.00338522549740692
R-HSA-6802934,7.0,709.0,20534.0,52.0,0.009776536312849162,0.11864406779661017,0.9642756548680875,0.01806451612903226,0.02486448014537019,0.004108795349432936
R-HSA-6802935,17.0,3148.0,18102.0,35.0,0.005371248025276461,0.3269230769230769,0.8505774105717773,0.010568852968604289,0.02480476431237642,0.00338522549740692
R-HSA-6805546,54.0,17256.0,3992.0,0.0,0.003119584055459272,1.0,0.18993521735048352,0.006219765031098825,0.024209431067007108,0.00162319268734821
R-HSA-6805573,54.0,17256.0,3992.0,0.0,0.003119584055459272,1.0,0.18993521735048352,0.006219765031098825,0.024209431067007108,0.00162319268734821
R-HSA-6806610,54.0,17256.0,3992.0,0.0,0.003119584055459272,1.0,0.18993521735048352,0.006219765031098825,0.024209431067007108,0.00162319268734821
R-HSA-6806613,54.0,17256.0,3992.0,0.0,0.003119584055459272,1.0,0.18993521735048352,0.006219765031098825,0.024209431067007108,0.00162319268734821
R-HSA-6806629,54.0,17256.0,3992.0,0.0,0.003119584055459272,1.0,0.18993521735048352,0.006219765031098825,0.024209431067007108,0.00162319268734821
R-HSA-6809003,71.0,16364.0,4865.0,2.0,0.004320048676604807,0.9726027397260274,0.2317153318937189,0.008601889992730797,0.02808459076044842,0.003892875954676886
R-HSA-6809006,80.0,15960.0,5257.0,5.0,0.004987531172069825,0.9411764705882353,0.2505398554126373,0.009922480620155038,0.027619738007470255,0.004107564862893299
R-HSA-6809010,41.0,12444.0,8805.0,12.0,0.0032839407288746494,0.7735849056603774,0.4152661721904047,0.0065401180411548895,0.019011299121389602,0.0027365914100083303
R-HSA-6809011,41.0,12444.0,8805.0,12.0,0.0032839407288746494,0.7735849056603774,0.4152661721904047,0.0065401180411548895,0.019011299121389602,0.0027365914100083303
R-HSA-6809393,67.0,17444.0,3791.0,0.0,0.0038261664096853405,1.0,0.1811097549525866,0.007623165320286723,0.026135612767381123,0.0021253072894437276
R-HSA-6809663,136.0,19740.0,1426.0,0.0,0.006842423022740994,1.0,0.07332644822082433,0.013591844893064161,0.021470656654074882,0.005213346274777343
R-HSA-6810139,70.0,19243.0,1987.0,2.0,0.003624501631025734,0.9722222222222222,0.09656370293869121,0.007222078927005416,0.01312900281484375,0.002208546111941422
R-HSA-6810158,70.0,19243.0,1987.0,2.0,0.003624501631025734,0.9722222222222222,0.09656370293869121,0.007222078927005416,0.01312900281484375,0.002208546111941422
R-HSA-6810159,70.0,19243.0,1987.0,2.0,0.003624501631025734,0.9722222222222222,0.09656370293869121,0.007222078927005416,0.01312900281484375,0.002208546111941422
R-HSA-6810161,71.0,19948.0,1281.0,2.0,0.0035466307008342073,0.9726027397260274,0.06346821894657778,0.007067489548078837,0.008092404147087241,0.002222636945251236
R-HSA-6810357,68.0,17446.0,3788.0,0.0,0.0038826081991549617,1.0,0.18101586705473666,0.007735183710613127,0.02631787757335391,0.0022830793322899156
R-HSA-6810937,84.0,17454.0,3762.0,2.0,0.004789599726308587,0.9767441860465116,0.1805464275654868,0.00953245574216977,0.025613269927673796,0.002840315496356614
R-HSA-6811423,87.0,20537.0,678.0,0.0,0.004218386346004655,1.0,0.03591212092761243,0.008401332625175029,0.011610916589512002,0.003487981237345623
R-HSA-6811426,81.0,20555.0,666.0,0.0,0.003925179298313626,1.0,0.035067129846962725,0.00781966500941256,0.011099002308935348,0.0031243300281859902
R-HSA-6811539,84.0,17454.0,3762.0,2.0,0.004789599726308587,0.9767441860465116,0.1805464275654868,0.00953245574216977,0.025613269927673796,0.002840315496356614
R-HSA-6814298,104.0,17388.0,3808.0,2.0,0.0059455751200548825,0.9811320754716981,0.18364472819453573,0.011819524946016593,0.029522488266789233,0.003387261161609852
R-HSA-6814387,105.0,17388.0,3807.0,2.0,0.006002400960384154,0.9813084112149533,0.18364472819453573,0.011931818181818182,0.02968915549141736,0.0034145339017530685
R-HSA-6814549,17.0,3221.0,18013.0,51.0,0.005250154416306362,0.25,0.8463993991174538,0.0102843315184513,0.015446128712793494,0.0028973910905070914
R-HSA-6814554,14.0,2878.0,18358.0,52.0,0.004840940525587829,0.21212121212121213,0.8624542296497981,0.009465855307640297,0.012427734224105496,0.0028339413119927532
R-HSA-6814555,18.0,3960.0,17270.0,54.0,0.004524886877828055,0.25,0.8115669890151159,0.00888888888888889,0.009452867012418337,0.003037100785151149
R-HSA-6814559,14.0,2878.0,18358.0,52.0,0.004840940525587829,0.21212121212121213,0.8624542296497981,0.009465855307640297,0.012427734224105496,0.0028339413119927532
R-HSA-6814734,85.0,17455.0,3760.0,2.0,0.004846066134549601,0.9770114942528736,0.18049948361656182,0.009644295682759403,0.025796861852347017,0.0028663863294808934
R-HSA-6814764,103.0,17388.0,3809.0,2.0,0.005888742782002173,0.9809523809523809,0.18364472819453573,0.011707206183223462,0.02935481537743527,0.0033124613651590125
R-HSA-6814885,18.0,3941.0,17291.0,52.0,0.004546602677443799,0.2571428571428571,0.8125528119425406,0.008935219657483248,0.010523457257939082,0.002978316317089481
R-HSA-68825,45.0,2643.0,18609.0,5.0,0.016741071428571428,0.9,0.8756924232466435,0.03287070854638422,0.11303370110603841,0.008450011447527588
R-HSA-68948,45.0,2606.0,18646.0,5.0,0.016974726518294982,0.9,0.8774293493568679,0.03332099222510181,0.11396204853151219,0.008722775154172552
R-HSA-69016,45.0,2628.0,18624.0,5.0,0.016835016835016835,0.9,0.8763965824805182,0.03305178112376056,0.11340787316741101,0.008529609278207163
R-HSA-69600,45.0,2647.0,18605.0,5.0,0.016716196136701337,0.9,0.8755046474509436,0.03282275711159737,0.11293441874849973,0.008457236273371685
R-HSA-69891,55.0,19417.0,1829.0,1.0,0.002824568611339359,0.9821428571428571,0.08844239977466904,0.005632937320770175,0.012467372052369953,0.0019747344977921067
R-HSA-72107,51.0,11770.0,9461.0,20.0,0.004314355807461298,0.7183098591549296,0.4465308421744437,0.008577194752774976,0.019011811371088764,0.0036265521327253497
R-HSA-72124,84.0,11750.0,9442.0,26.0,0.0070981916511745815,0.7636363636363637,0.4471880574593935,0.014065639651707972,0.030172508123146688,0.00541554381337892
R-HSA-72127,113.0,12978.0,8178.0,33.0,0.008631884500802078,0.773972602739726,0.38921228053703877,0.017073354989801313,0.027212216298961523,0.00649055852093952
R-HSA-72130,123.0,12927.0,8208.0,44.0,0.00942528735632184,0.7365269461077845,0.3910900384940381,0.01861239313005977,0.022609628043280462,0.007071013141584647
R-HSA-72139,118.0,13042.0,8111.0,31.0,0.008966565349544073,0.7919463087248322,0.3863017557036898,0.017732361559846723,0.03008100066642115,0.0065830984315456255
R-HSA-72143,115.0,13374.0,7776.0,37.0,0.008525465193861666,0.756578947368421,0.37043470096704534,0.016860933949123965,0.02169873749828038,0.006944612969061002
R-HSA-72160,155.0,18941.0,2201.0,5.0,0.008116883116883116,0.96875,0.1105999436672613,0.016098878271707518,0.020645330510109045,0.007190971815294557
R-HSA-72180,47.0,12257.0,8988.0,10.0,0.0038198959687906374,0.8245614035087719,0.42413857853722653,0.0076045627376425855,0.025897943277145983,0.0026016415688695964
R-HSA-72619,34.0,2193.0,19051.0,24.0,0.015267175572519083,0.5862068965517241,0.8959252652333114,0.02975929978118162,0.08225586710127764,0.0062048791323359685
R-HSA-72621,34.0,2192.0,19053.0,23.0,0.015274034141958671,0.5964912280701754,0.8960191531311614,0.029785370127025843,0.08330729020152572,0.006233785181092096
R-HSA-72671,86.0,1976.0,19238.0,2.0,0.041707080504364696,0.9772727272727273,0.9071448690263825,0.08,0.1917874814543817,0.026858435400212613
R-HSA-72672,86.0,1976.0,19238.0,2.0,0.041707080504364696,0.9772727272727273,0.9071448690263825,0.08,0.1917874814543817,0.026858435400212613
R-HSA-72673,86.0,2535.0,18679.0,2.0,0.03281190385349103,0.9772727272727273,0.8809032015773167,0.06349206349206347,0.16749159707645328,0.017086960351105615
R-HSA-72691,34.0,2110.0,19141.0,17.0,0.01585820895522388,0.6666666666666666,0.9001502206365599,0.030979498861047842,0.09216355002436637,0.006646160747777213
R-HSA-72697,34.0,2193.0,19051.0,24.0,0.015267175572519083,0.5862068965517241,0.8959252652333114,0.02975929978118162,0.08225586710127764,0.0062048791323359685
R-HSA-73718,60.0,19429.0,1813.0,0.0,0.0030786597567858793,1.0,0.08792601633649423,0.006138421402629291,0.01620996388207358,0.0016661056367048756
R-HSA-744886,106.0,19799.0,1394.0,3.0,0.005325295151971866,0.9724770642201835,0.07041592338747535,0.010592585190366743,0.01102557757324813,0.004793325392188552
R-HSA-744887,106.0,19799.0,1394.0,3.0,0.005325295151971866,0.9724770642201835,0.07041592338747535,0.010592585190366743,0.01102557757324813,0.004793325392188552
R-HSA-749448,144.0,19807.0,1348.0,3.0,0.007217683324144153,0.9795918367346939,0.07004037179607549,0.014329784058115235,0.014711717820183132,0.005982123623046192
R-HSA-749452,144.0,19807.0,1348.0,3.0,0.007217683324144153,0.9795918367346939,0.07004037179607549,0.014329784058115235,0.014711717820183132,0.005982123623046192
R-HSA-749454,209.0,19274.0,1818.0,1.0,0.010727300723707847,0.9952380952380953,0.0951553844709417,0.021225816279896406,0.028788490936445404,0.009310921183654446
R-HSA-749456,209.0,19274.0,1818.0,1.0,0.010727300723707847,0.9952380952380953,0.0951553844709417,0.021225816279896406,0.028788490936445404,0.009310921183654446
R-HSA-74986,84.0,14389.0,6825.0,4.0,0.005803910730325434,0.9545454545454546,0.32433574312271146,0.011537669116132134,0.03796852521649599,0.0034606071512580995
R-HSA-75079,48.0,11763.0,9487.0,4.0,0.004064008128016256,0.9230769230769231,0.44761055299971836,0.00809238809744584,0.036688034575418256,0.0032580818645433145
R-HSA-75081,48.0,11763.0,9487.0,4.0,0.004064008128016256,0.9230769230769231,0.44761055299971836,0.00809238809744584,0.036688034575418256,0.0032580818645433145
R-HSA-75082,48.0,11763.0,9487.0,4.0,0.004064008128016256,0.9230769230769231,0.44761055299971836,0.00809238809744584,0.036688034575418256,0.0032580818645433145
R-HSA-75083,48.0,11763.0,9487.0,4.0,0.004064008128016256,0.9230769230769231,0.44761055299971836,0.00809238809744584,0.036688034575418256,0.0032580818645433145
R-HSA-75096,61.0,11084.0,10147.0,10.0,0.005473306415432929,0.8591549295774648,0.4792038306262323,0.010877318116975747,0.03889870204151224,0.004096962554587055
R-HSA-75825,45.0,2597.0,18655.0,5.0,0.01703255109765329,0.9,0.8778518448971927,0.03343239227340267,0.1141906305570661,0.00854796407985087
R-HSA-8849157,47.0,12257.0,8988.0,10.0,0.0038198959687906374,0.8245614035087719,0.42413857853722653,0.0076045627376425855,0.025897943277145983,0.0026016415688695964
R-HSA-8850992,46.0,2667.0,18585.0,4.0,0.01695539992628087,0.92,0.8746127124213688,0.03329714078899747,0.11532650679929743,0.008895932794051459
R-HSA-8852354,45.0,2700.0,18551.0,6.0,0.01639344262295082,0.8823529411764706,0.8729696742089944,0.032188841201716736,0.1101714982805571,0.008189923148893434
R-HSA-8853405,1.0,13.0,21216.0,72.0,0.07142857142857142,0.0136986301369863,0.9960097643413764,0.022988505747126436,0.029840789112078984,0.005223861388625145
R-HSA-8853419,1.0,13.0,21216.0,72.0,0.07142857142857142,0.0136986301369863,0.9960097643413764,0.022988505747126436,0.029840789112078984,0.005223861388625145
R-HSA-8854044,46.0,2746.0,18502.0,8.0,0.0164756446991404,0.8518518518518519,0.8707163646605952,0.03232607167955024,0.10767197056699859,0.008474579408765172
R-HSA-8854071,45.0,2630.0,18622.0,5.0,0.016822429906542057,0.9,0.8763026945826683,0.03302752293577982,0.1133578126869488,0.008478152586748347
R-HSA-8865491,61.0,19395.0,1846.0,0.0,0.003135279605263158,1.0,0.08952211059994367,0.006250960700927398,0.016506937525058468,0.0017092705860155203
R-HSA-8865498,61.0,19395.0,1846.0,0.0,0.003135279605263158,1.0,0.08952211059994367,0.006250960700927398,0.016506937525058468,0.0017092705860155203
R-HSA-8865505,62.0,19525.0,1715.0,0.0,0.0031653647827640783,1.0,0.0834193972396958,0.006310753727925085,0.01598698947602737,0.0017225028968532324
R-HSA-8866553,45.0,2657.0,18595.0,5.0,0.016654330125832718,0.9,0.8750352079616938,0.032703488372093026,0.11268711997823601,0.008542373197866713
R-HSA-8866858,45.0,2657.0,18595.0,5.0,0.016654330125832718,0.9,0.8750352079616938,0.032703488372093026,0.11268711997823601,0.008542373197866713
R-HSA-8867754,2.0,24.0,21177.0,99.0,0.07692307692307693,0.019801980198019802,0.9942258942822271,0.031496062992125984,0.036732504369801605,0.007853551921738347
R-HSA-8867756,1.0,15.0,21197.0,89.0,0.0625,0.011111111111111112,0.9951178293118017,0.018867924528301886,0.024632239205203618,0.0063119564821995525
R-HSA-8868071,3.0,109.0,21102.0,88.0,0.026785714285714284,0.03296703296703297,0.9907520420617782,0.029556650246305417,0.025096417869462227,0.006647500683350405
R-HSA-8868072,3.0,109.0,21102.0,88.0,0.026785714285714284,0.03296703296703297,0.9907520420617782,0.029556650246305417,0.025096417869462227,0.006647500683350405
R-HSA-8868230,3.0,38.0,21153.0,108.0,0.07317073170731707,0.02702702702702703,0.9931461834569524,0.03947368421052632,0.041451125010988625,0.008909467325602573
R-HSA-8868236,3.0,37.0,21151.0,111.0,0.075,0.02631578947368421,0.9930522955591025,0.03896103896103895,0.041405877400030405,0.008737066582739357
R-HSA-8868648,3.0,34.0,21151.0,114.0,0.08108108108108109,0.02564102564102564,0.9930522955591025,0.03896103896103897,0.04266167569109084,0.00882896259829001
R-HSA-8868651,3.0,34.0,21151.0,114.0,0.08108108108108109,0.02564102564102564,0.9930522955591025,0.03896103896103897,0.04266167569109084,0.00882896259829001
R-HSA-8868658,3.0,36.0,21146.0,117.0,0.07692307692307693,0.025,0.9928175758144775,0.03773584905660378,0.04079375885492426,0.008670002749861284
R-HSA-8868659,3.0,35.0,21148.0,116.0,0.07894736842105263,0.025210084033613446,0.9929114637123275,0.038216560509554146,0.041609064692484016,0.008763056105338844
R-HSA-8868660,3.0,36.0,21146.0,117.0,0.07692307692307693,0.025,0.9928175758144775,0.03773584905660378,0.04079375885492426,0.008670002749861284
R-HSA-8868661,3.0,34.0,21151.0,114.0,0.08108108108108109,0.02564102564102564,0.9930522955591025,0.03896103896103897,0.04266167569109084,0.00882896259829001
R-HSA-8869438,2.0,36.0,21146.0,118.0,0.05263157894736842,0.016666666666666666,0.9927706318655525,0.02531645569620253,0.026545920413827355,0.007739950540208194
R-HSA-8870466,63.0,2838.0,18400.0,1.0,0.02171664943123061,0.984375,0.8667261290019717,0.042495784148397976,0.13575393883728498,0.011118430234199164
R-HSA-8870469,63.0,2838.0,18400.0,1.0,0.02171664943123061,0.984375,0.8667261290019717,0.042495784148397976,0.13575393883728498,0.011118430234199164
R-HSA-8871193,3.0,38.0,21143.0,118.0,0.07317073170731707,0.024793388429752067,0.9926767439677026,0.037037037037037035,0.03943640196960256,0.008795108219686262
R-HSA-8871194,3.0,38.0,21143.0,118.0,0.07317073170731707,0.024793388429752067,0.9926767439677026,0.037037037037037035,0.03943640196960256,0.008795108219686262
R-HSA-8932355,45.0,2604.0,18648.0,5.0,0.01698754246885617,0.9,0.8775232372547178,0.03334568358651352,0.11401274979989706,0.008738378174021493
R-HSA-8935730,64.0,19055.0,2183.0,0.0,0.0033474554108478475,1.0,0.10548305323443809,0.006672574675493926,0.018549297217076093,0.001957669686338529
R-HSA-8935731,76.0,19740.0,1481.0,5.0,0.003835284618490109,0.9382716049382716,0.07309172847619942,0.007639342614464492,0.0019475788115764585,0.002717087950162771
R-HSA-8935740,76.0,20976.0,250.0,0.0,0.0036101083032490976,1.0,0.015303727349544643,0.007194244604316546,0.006520727325179963,0.0024617568803934446
R-HSA-8936481,76.0,20976.0,250.0,0.0,0.0036101083032490976,1.0,0.015303727349544643,0.007194244604316546,0.006520727325179963,0.0024617568803934446
R-HSA-8936584,64.0,19055.0,2183.0,0.0,0.0033474554108478475,1.0,0.10548305323443809,0.006672574675493926,0.018549297217076093,0.001957669686338529
R-HSA-8936599,64.0,19055.0,2183.0,0.0,0.0033474554108478475,1.0,0.10548305323443809,0.006672574675493926,0.018549297217076093,0.001957669686338529
R-HSA-8936608,64.0,19055.0,2183.0,0.0,0.0033474554108478475,1.0,0.10548305323443809,0.006672574675493926,0.018549297217076093,0.001957669686338529
R-HSA-8936616,76.0,20976.0,250.0,0.0,0.0036101083032490976,1.0,0.015303727349544643,0.007194244604316546,0.006520727325179963,0.0024617568803934446
R-HSA-8936621,76.0,20976.0,250.0,0.0,0.0036101083032490976,1.0,0.015303727349544643,0.007194244604316546,0.006520727325179963,0.0024617568803934446
R-HSA-8936628,81.0,21161.0,60.0,0.0,0.0038132002636286602,1.0,0.0066190967984226835,0.007597430005158749,0.0032835036976638894,0.0028078313516484697
R-HSA-8936979,76.0,20976.0,250.0,0.0,0.0036101083032490976,1.0,0.015303727349544643,0.007194244604316546,0.006520727325179963,0.0024617568803934446
R-HSA-8936989,64.0,19055.0,2183.0,0.0,0.0033474554108478475,1.0,0.10548305323443809,0.006672574675493926,0.018549297217076093,0.001957669686338529
R-HSA-8936995,81.0,21188.0,33.0,0.0,0.003808359584371621,1.0,0.005351610177448127,0.007587822014051522,0.002433565394614437,0.0027717816536791512
R-HSA-8937016,76.0,20976.0,250.0,0.0,0.0036101083032490976,1.0,0.015303727349544643,0.007194244604316546,0.006520727325179963,0.0024617568803934446
R-HSA-8937022,64.0,19055.0,2183.0,0.0,0.0033474554108478475,1.0,0.10548305323443809,0.006672574675493926,0.018549297217076093,0.001957669686338529
R-HSA-8937037,76.0,20976.0,250.0,0.0,0.0036101083032490976,1.0,0.015303727349544643,0.007194244604316546,0.006520727325179963,0.0024617568803934446
R-HSA-8937050,76.0,20976.0,250.0,0.0,0.0036101083032490976,1.0,0.015303727349544643,0.007194244604316546,0.006520727325179963,0.0024617568803934446
R-HSA-8937097,14.0,2094.0,19121.0,73.0,0.006641366223908918,0.16091954022988506,0.8982724626795606,0.01275626423690205,0.013288125954573484,0.003897890706254096
R-HSA-8937113,64.0,19055.0,2183.0,0.0,0.0033474554108478475,1.0,0.10548305323443809,0.006672574675493926,0.018549297217076093,0.001957669686338529
R-HSA-8937118,64.0,19055.0,2183.0,0.0,0.0033474554108478475,1.0,0.10548305323443809,0.006672574675493926,0.018549297217076093,0.001957669686338529
R-HSA-8940388,64.0,17739.0,3497.0,2.0,0.0035948997359995507,0.9696969696969697,0.16716740212186648,0.007163243606245453,0.020155455303580067,0.0029171825318136412
R-HSA-8942224,68.0,17446.0,3788.0,0.0,0.0038826081991549617,1.0,0.18101586705473666,0.007735183710613127,0.02631787757335391,0.0022830793322899156
R-HSA-8952039,53.0,13926.0,7321.0,2.0,0.0037914013877959796,0.9636363636363636,0.34616467937282885,0.007553085364115719,0.03292941081954316,0.003698977415964703
R-HSA-8952044,53.0,13926.0,7321.0,2.0,0.0037914013877959796,0.9636363636363636,0.34616467937282885,0.007553085364115719,0.03292941081954316,0.003698977415964703
R-HSA-8952289,9.0,566.0,20628.0,99.0,0.01565217391304348,0.08333333333333333,0.9687822739648859,0.026354319180087852,0.02481674551576032,0.006037292894322412
R-HSA-8952618,62.0,13208.0,8029.0,3.0,0.0046721929163526755,0.9538461538461539,0.3798234907520421,0.00929883764529434,0.037772859866515025,0.002589240900101001
R-HSA-8952620,62.0,13208.0,8029.0,3.0,0.0046721929163526755,0.9538461538461539,0.3798234907520421,0.00929883764529434,0.037772859866515025,0.002589240900101001
R-HSA-8955241,8.0,825.0,20362.0,107.0,0.009603841536614645,0.06956521739130435,0.9562482396019153,0.01687763713080169,0.011577281615777636,0.004982282272823257
R-HSA-8955289,105.0,15964.0,5212.0,21.0,0.006534320741800983,0.8333333333333334,0.24960097643413764,0.012966965112689102,0.014154404650198312,0.005408488579392572
R-HSA-8956040,117.0,16202.0,4960.0,23.0,0.007169556958146945,0.8357142857142857,0.23833442869214158,0.014217145634607206,0.013379735874968206,0.005963883230507755
R-HSA-8956200,56.0,13024.0,8219.0,3.0,0.004281345565749235,0.9491525423728814,0.388461177354239,0.008524240809802878,0.03627885527874425,0.0023110781813329485
R-HSA-8957265,45.0,2601.0,18651.0,5.0,0.017006802721088437,0.9,0.8776640691014929,0.03338278931750742,0.1140889030796407,0.008611770848288345
R-HSA-9008110,45.0,2940.0,18310.0,7.0,0.01507537688442211,0.8653846153846154,0.8616561825180734,0.029634507737899246,0.10335586607523542,0.00751798327866444
R-HSA-9008475,43.0,2943.0,18307.0,9.0,0.014400535833891493,0.8269230769230769,0.8614214627734486,0.028308097432521398,0.09785433070713188,0.007201222028963927
R-HSA-9009065,62.0,19922.0,1318.0,0.0,0.003102481985588471,1.0,0.06478264951647733,0.006185772722737703,0.013875066815817143,0.0017567068705968713
R-HSA-9009362,45.0,2666.0,18586.0,5.0,0.016599040944300997,0.9,0.8746127124213688,0.03259688518652663,0.11246565128009073,0.008390694276583165
R-HSA-9009371,66.0,20057.0,1179.0,0.0,0.003279829051334294,1.0,0.05844521641160454,0.006538213878844915,0.013494169107514572,0.0020473002229649444
R-HSA-9009378,67.0,19750.0,1485.0,0.0,0.0033809355603774535,1.0,0.0728570087315745,0.006739086702876684,0.015376430897077143,0.0020824605736953976
R-HSA-9011313,46.0,3057.0,18190.0,9.0,0.014824363519174991,0.8363636363636363,0.8560698525960003,0.029132362254591513,0.09961518840000337,0.007529513874489888
R-HSA-9011941,50.0,19189.0,2063.0,0.0,0.00259888767607464,1.0,0.09919256407849028,0.005184301933744621,0.015883399711602988,0.0016586230594680751
R-HSA-9011949,59.0,19400.0,1842.0,1.0,0.003032016033711907,0.9833333333333333,0.08924044690639377,0.006045391669655208,0.013205297766834514,0.0017005981669255623
R-HSA-9011950,62.0,19441.0,1799.0,0.0,0.003178998102855971,1.0,0.08736268894939442,0.006337848198313314,0.01640905081174026,0.0018149707117030881
R-HSA-9011952,59.0,19400.0,1842.0,1.0,0.003032016033711907,0.9833333333333333,0.08924044690639377,0.006045391669655208,0.013205297766834514,0.0017005981669255623
R-HSA-9011966,59.0,19400.0,1842.0,1.0,0.003032016033711907,0.9833333333333333,0.08924044690639377,0.006045391669655208,0.013205297766834514,0.0017005981669255623
R-HSA-9011975,69.0,19866.0,1367.0,0.0,0.0034612490594431904,1.0,0.0674115106562764,0.006898620275944811,0.014927772327928286,0.0021116995684102636
R-HSA-9011981,50.0,19921.0,1331.0,0.0,0.00250363026388263,1.0,0.0648295934654023,0.004994755506717946,0.012522015022036623,0.001597815405158549
R-HSA-9011983,60.0,19212.0,2030.0,0.0,0.00311332503113325,1.0,0.09811285325321566,0.0062073246430788325,0.01724894543702346,0.001814925887248549
R-HSA-9011984,49.0,19188.0,2064.0,1.0,0.002547174715392213,0.98,0.09919256407849028,0.00508114273863224,0.012613184617529699,0.0014871375433900312
R-HSA-9011985,49.0,19188.0,2064.0,1.0,0.002547174715392213,0.98,0.09919256407849028,0.00508114273863224,0.012613184617529699,0.0014871375433900312
R-HSA-9012000,62.0,19441.0,1799.0,0.0,0.003178998102855971,1.0,0.08736268894939442,0.006337848198313314,0.01640905081174026,0.0018149707117030881
R-HSA-9013143,14.0,1686.0,19562.0,40.0,0.00823529411764706,0.25925925925925924,0.9189747441554783,0.01596351197263398,0.03338397473297485,0.0038472592687418573
R-HSA-9013144,50.0,14010.0,7241.0,1.0,0.0035561877667140826,0.9803921568627451,0.3422683316120552,0.007086669973779321,0.03313084141689195,0.0030196311166595887
R-HSA-9013145,50.0,9161.0,12060.0,31.0,0.005428292259255238,0.6172839506172839,0.5684912214815511,0.01076194575979337,0.023056479838098696,0.004597448406513401
R-HSA-9013157,55.0,15430.0,5807.0,10.0,0.003551824346141427,0.8461538461538461,0.2751854285982537,0.00707395498392283,0.01480468650527467,0.003256246894686413
R-HSA-9014610,89.0,2896.0,18303.0,14.0,0.02981574539363484,0.8640776699029126,0.8633931086282978,0.05764248704663212,0.14537526744389437,0.015855344881301806
R-HSA-9014652,89.0,2896.0,18303.0,14.0,0.02981574539363484,0.8640776699029126,0.8633931086282978,0.05764248704663212,0.14537526744389437,0.015855344881301806
R-HSA-9018808,49.0,15213.0,6032.0,8.0,0.003210588389464028,0.8596491228070176,0.2854661534128251,0.006397284418042953,0.016455825656779492,0.0029748107974952205
R-HSA-912408,66.0,20069.0,1167.0,0.0,0.0032778743481499876,1.0,0.057881889024504744,0.006534329983664175,0.013421319668250315,0.002395430811807956
R-HSA-927789,86.0,3090.0,18117.0,9.0,0.02707808564231738,0.9052631578947369,0.8545207022814759,0.052583307856924486,0.14209222021763238,0.013856637990095445
R-HSA-927813,95.0,4334.0,16853.0,20.0,0.021449537141566947,0.8260869565217391,0.7956060463806215,0.04181338028169014,0.11222640442126278,0.01139709373100811
R-HSA-927832,86.0,3637.0,17558.0,21.0,0.023099650819231803,0.8037383177570093,0.82827903483241,0.04490861618798956,0.11767362278678122,0.012358107946373395
R-HSA-927836,95.0,4199.0,16993.0,15.0,0.022123893805309734,0.8636363636363636,0.8021781992301192,0.04314259763851044,0.11889670829526847,0.013501758750872457
R-HSA-927889,86.0,3637.0,17558.0,21.0,0.023099650819231803,0.8037383177570093,0.82827903483241,0.04490861618798956,0.11767362278678122,0.012358107946373395
R-HSA-9604829,59.0,19405.0,1838.0,0.0,0.0030312371557747637,1.0,0.08905267111069383,0.006044153050248425,0.016194770087337072,0.001637385482515414
R-HSA-9604831,59.0,19405.0,1838.0,0.0,0.0030312371557747637,1.0,0.08905267111069383,0.006044153050248425,0.016194770087337072,0.001637385482515414
R-HSA-9604834,59.0,19405.0,1838.0,0.0,0.0030312371557747637,1.0,0.08905267111069383,0.006044153050248425,0.016194770087337072,0.001637385482515414
R-HSA-9614367,43.0,6919.0,14330.0,10.0,0.00617638609594944,0.8113207547169812,0.6747253778987888,0.012259444048467572,0.051586796354297644,0.00395374867696313
R-HSA-9614810,69.0,19529.0,1704.0,0.0,0.003520767425247474,1.0,0.08323162144399587,0.0070168302232165546,0.016809228621358127,0.0020599714217102295
R-HSA-9614811,61.0,19067.0,2174.0,0.0,0.0031890422417398577,1.0,0.10491972584733827,0.006357809161498776,0.01806643348078991,0.0018031975164058205
R-HSA-9614816,76.0,19952.0,1274.0,0.0,0.0037946874375873775,1.0,0.06337433104872782,0.007560684440907282,0.015091716517605536,0.0023194233248296447
R-HSA-9621073,63.0,19977.0,1262.0,0.0,0.003143712574850299,1.0,0.06220073232560323,0.006267721235636472,0.013667341973286867,0.0017486380141654343
R-HSA-9623096,63.0,19235.0,2004.0,0.0,0.0032645870038345943,1.0,0.09703314242794103,0.0065079283094881465,0.017550760904538835,0.0017918307489521428
R-HSA-9629195,51.0,19250.0,2001.0,0.0,0.0026423501372985856,1.0,0.09632898319406628,0.005270773046713519,0.015773535275069247,0.0017667747748947383
R-HSA-9629216,51.0,19250.0,2001.0,0.0,0.0026423501372985856,1.0,0.09632898319406628,0.005270773046713519,0.015773535275069247,0.0017667747748947383
R-HSA-9629372,51.0,19250.0,2001.0,0.0,0.0026423501372985856,1.0,0.09632898319406628,0.005270773046713519,0.015773535275069247,0.0017667747748947383
R-HSA-9629373,51.0,19250.0,2001.0,0.0,0.0026423501372985856,1.0,0.09632898319406628,0.005270773046713519,0.015773535275069247,0.0017667747748947383
R-HSA-9629483,51.0,19250.0,2001.0,0.0,0.0026423501372985856,1.0,0.09632898319406628,0.005270773046713519,0.015773535275069247,0.0017667747748947383
R-HSA-9629497,51.0,19250.0,2001.0,0.0,0.0026423501372985856,1.0,0.09632898319406628,0.005270773046713519,0.015773535275069247,0.0017667747748947383
R-HSA-9633005,86.0,2895.0,18318.0,3.0,0.02884937940288494,0.9662921348314607,0.8639564360153976,0.05602605863192183,0.15428509139175506,0.014790438657767264
R-HSA-9633008,86.0,3412.0,17798.0,6.0,0.024585477415666093,0.9347826086956522,0.8395455825744061,0.0479108635097493,0.13699000110563989,0.017338343205795238
R-HSA-9633742,86.0,2895.0,18318.0,3.0,0.02884937940288494,0.9662921348314607,0.8639564360153976,0.05602605863192183,0.15428509139175506,0.014790438657767264
R-HSA-9634669,63.0,2893.0,18320.0,26.0,0.02131258457374831,0.7078651685393258,0.862970613087973,0.041379310344827586,0.10662993401748504,0.01027651607846753
R-HSA-9640195,13.0,2157.0,19095.0,37.0,0.005990783410138249,0.26,0.8970049760585861,0.011711711711711712,0.02535795201970757,0.0034612291211442367
R-HSA-9648114,62.0,8125.0,13063.0,52.0,0.007572981556125565,0.543859649122807,0.6161393296404094,0.014937959282014218,0.024055943339302253,0.006370219887660192
R-HSA-9660824,106.0,19799.0,1394.0,3.0,0.005325295151971866,0.9724770642201835,0.07041592338747535,0.010592585190366743,0.01102557757324813,0.004793325392188552
R-HSA-9670101,52.0,19390.0,1860.0,0.0,0.0026746219524740253,1.0,0.08975683034456859,0.005334974864060736,0.015300591040643513,0.0017609149568135647
R-HSA-9670114,54.0,19395.0,1853.0,0.0,0.002776492364645997,1.0,0.08952211059994367,0.005537609598523304,0.015560620912358734,0.0017779663042994138
R-HSA-9670149,65.0,19419.0,1818.0,0.0,0.0033360706220488608,1.0,0.08839545582574407,0.006649956519515065,0.016899271130299064,0.002395674657457677
R-HSA-9698928,61.0,19067.0,2174.0,0.0,0.0031890422417398577,1.0,0.10491972584733827,0.006357809161498776,0.01806643348078991,0.0018031975164058205
R-HSA-9710490,66.0,19377.0,1859.0,0.0,0.0033945378799567967,1.0,0.09036710168059336,0.006766107950176842,0.01723826950498366,0.0019137659136425709
R-HSA-977224,57.0,19389.0,1856.0,0.0,0.0029311940759024994,1.0,0.08980377429349357,0.005845254576219044,0.01600231832591627,0.0017699950756448121
R-HSA-983140,205.0,13510.0,7539.0,48.0,0.014947138169886985,0.8102766798418972,0.36353394047507276,0.029352806414662085,0.038105771841077246,0.012595144471667666
R-HSA-983147,165.0,13488.0,7599.0,50.0,0.012085255987695012,0.7674418604651163,0.36447281945357246,0.02379578886645515,0.02662942077658357,0.011328884249989691
R-HSA-983156,205.0,13510.0,7539.0,48.0,0.014947138169886985,0.8102766798418972,0.36353394047507276,0.029352806414662085,0.038105771841077246,0.012595144471667666
R-HSA-983157,205.0,13510.0,7539.0,48.0,0.014947138169886985,0.8102766798418972,0.36353394047507276,0.029352806414662085,0.038105771841077246,0.012595144471667666
R-HSA-983259,59.0,20440.0,803.0,0.0,0.002878189179959998,1.0,0.04046568397333584,0.005739857962836851,0.0104306054061776,0.0020740267157021565
R-HSA-983266,59.0,20440.0,803.0,0.0,0.002878189179959998,1.0,0.04046568397333584,0.005739857962836851,0.0104306054061776,0.0020740267157021565
